NS 1150,ECON 1120,Wissink,B+,, ,,
NES 2522,ECON 1110,Sanders/Thomas,B+,58,,,
MUSIC 3603,Roberts,phil,Spring 2019,46,,,
BEE 3710,Walter,No Data,Spring 2019,16,,,
BEE 4350,Timmons,No Data,Spring 2019,,,,
BTRY 4381,Yu,No Data,Fall 2019,21,,,
CS 4621,No Data,No Data,No Data,,,"A- (SP16, SP18 with Hariran (114 stud))",
CS 4670,Hariharan,No Data,Spring 2019,159,,"B+ (FA19, Hirsh) B+ (FA17, SP17, SP18, SP19), B (FA18)",
CS 4787,De Sa,No Data,Spring 2019,,,"B+ (FA19, Tardos) B+ (SP19, SP18, FA18, FA17); B (SP17, SP12); A (SP15)",
ECE 4250,No Data,No Data,No Data,,,,
NS 4200,ECON 3140,Molinari,B+,21,,"No Data (FA19, Callister) ",
NS 3410,ECON 3030,McKee,A-,191,,,
NS 3600,ECON 3120,McKee,B+,49,,,
NS 4010,ECON 3130,McKee,B+,86,Research ,,
NS 3420,ECON 3040,Mathieu,B,91,,,
NTRES 1001,ECON 3320,Lyons,B+,87,,"B (FA19, Lewis) ",
ORIE 3300,Avery,Li,A-,, ,B+ (SP 16) A- (SP 18) ,
NTRES 2010,ECON 3800,Hay,A-,105,,"A- (FA20, Avery) ",
Philippa Alexandra Chun,Professor,Grade,Semester,# of Students,Questionable? + Notes,Previous Semesters,
ASIAN 4436,Gold,Gold,Fall 2019,19,,,
NS 3450,ECON 3110,Diccicio,A+,,,,
ORIE 3150,ECON 4610,Brancaccio,B,, ,,"A (FA 17), A- (FA15, SP18, FA18), B+ (SP19)"
NTRES 3240,ECON 4250,Bottan,A,38,,"A- (FA18, Nicholson) ",
NS 3150,ECON 2801,Basu,A-,223,,,
AEP 1100,,B+,Fall 2019,28,,,
AEP 3200,Kourkoutis,B+,Spring 2019,23,,,
AEP 3330,Wickham,B+,Fall 2019,32,,"B+ (FA18, Wickham)",
AEP 3550,Xu,B+,146,29,,"B (SP18, Xu)",
AEP 3630,Kirkland,B+,Spring 2019,34,,"A (FA18, Gruner)",
AEP 4220,xu,B+,Spring 2018,45,,,
AMST 1101,Rooks,B+,Spring 2019,34,,,
BEE 2600,March,B+,Fall 2019,27,,,
BIOEE 1610,Robert Howarth,B+,Spring 2021,227, ,"A-(SP18, Searle) A- (FA18)",
BIOEE 4500,No Data,B+,Fall 2019,,,"B- (SP18, Shapleigh+Buchon+Gilbert), B+ (FA 17), B- (SP17), B (SP15), A- (FA15) C+ (FA14), B (SP19), B (FA19)",
BIOMG 2800,Goldberg/Lee/Richards,B+,Fall 2020,217, ,B+ (SP18),
BIOMG 2801,Blake,B+,Fall 2018,142,,"B+ (FA19, Blankenship)",
BIOMG 3300,Blankenship,B+,Fall 2020,233,,,
BIOMG 3310,Feigenson (retired Fall 2019),B+,Fall 2019,221,,,
BIOMG 3320,Grimson/Smolka,B+,Spring 2019,222,,,
BIOMI 3210,Hay,B+,Fall 2019,24,,,
BIONB 2220,Dietz,B+,Spring 2019,179,,,
BIONB 4140,Weiland + Linder,B+,Spring 2019,33,,,
BTRY 3020,Lloyd,B+,Spring 2019,80,,"A- (SP19), B (SP16), B+ (FA17), A- (FA18)",
BTRY 4030,Giles,B+,Fall 2018,64,,,
CEE 3710,McLaskey,B+,Spring 2019,43,,,
CHEM 2150,Davis,B+,Fall 2020,60, ,"B (FA19, Kinsland) B (SP19, FA18, SP18), all with Ruttledge",
CHEM 2510,Kinsland,B+,Fall 2020,259, ,"B (FA18, Ganem) ",
CHEM 3590,Lin,B+,Spring 2019,53,,"B+ (FA19, Milner) ",
CHEM 3900,DiStasio,B+,Spring 2018,90,,,
CHEME 2880,Paszek,B+,Fall 2019,47,,,
CHEME 3240,Yang,B+,Fall 2020,43,,,
COGST 1101,,B+,Spring 2019,285,,,
CS 1110,White,B+,Fall 2020,683,,"B+ (FA19, White) B+ (FA15), B (F 16, FA 17), A- (SP 18), B (FA 18), B+ (SP 19)",
CS 1110,White,B+,Fall 2020,683, A+ are rarely given out,"B (FA19, Fan) B (SP17, SP18, SP19)",
CS 2800,Van Zuylen,B+,Fall 2020,321, N,"B+/A- (SP19, Halpern) N/A",
CS 3420,Martinez,B+,Spring 2019,,,,
CS 4450,Agarwal,B+,Spring 2019,97,,"A- (FA19, Marschner) B (SP18)",
CS 4700,Hirsh,B+,Fall 2020,142, ,,
CS 4744,DelBusso,B+,Spring 2019,45,,,
CS 4820,Kozen,B+,Fall 2020,388, ,B+ (SP18),
CS 4850,Hopcroft,B+,Spring 2019,63,,"A (SP19, Evans) ",
DEA 2700,Wells,B+,Fall 2019,388,,,
EAS 2500,Pryor,B+,Spring 2019,10,,A- (SP11),
EAS 2680,DeGaetano,B+,Spring 2019,69,,,
ECE 2100,Pollock,B+,Fall 2019,71,,"B (SP19, Doerschuk) B (SP18 with Doerschuk)",
ECE 3100,Zhao,B+,Fall 2020,57,,"B+ (SP18, SP17)",
ECE 3140,Martinez,B+,Spring 2019,203,,"B (SP18), B+ (SP17, SP16)",
ECE 4271,Delchamps,B+,Spring 2018,43,,"B+ (FA19, Thomas) B+ (FA18), B+ (SP18)",
ECON 1110,Sanders/Thomas,B+,Fall 2020,861,,"B+ (SP18, Swallow) ",
ECON 1120,Wissink,B+,Fall 2020,283, ,,
ECON 3120,McKee,B+,Spring 2019,114,,"B+ (FA19, McKee) A- (SP19 w/ Tripp)",
ECON 3130,McKee,B+,Fall 2020,, ,,
ECON 3140,Molinari,B+,Spring 2018,58,,,
ECON 3320,Lyons,B+,Spring 2018,32,,,
ENGRD 2210,Pepiot,B+,Fall 2019,184,,B (SP 18; 43),
ENGRD 2510,Goldfarb,B+,Fall 2020,72,Crosslisted with BEE 2510 ,"A- (FA20, Pender) B (SP18), B (SP19)",
ENGRD 3200,Diamessis,B+,Spring 2019,57,,,
ENGRI 1100,MacMahon,B+,Fall 2019,28,,"A- (FA18, Alabi) ",
ENTOM 2010,Danforth,B+,Spring 2018,28,,,
GERST 1220 ,Matthias,B+,Fall 2019,16,,"A- (FA19, Van Es), A- (FA18, van Es)",
HADM 1410,Boone,B+,Spring 2019,135,,Fall 2022,
HADM 1650,Odom-Reed,B+,Fall 2018,119,Avoid this professor.,,
HADM 2210,Paz,B+,Fall 2019,Fall 2020,Fall 2021,,
HADM 2220,Carvell,B+,Fall 2019,148,,,
HIST 1511,Weil,B+,Fall 2019,33,,,
HIST 2969,Florea,B+,Fall 2020,51,,,
ILRLR 2050,Litwin,B+,Fall 2018,208,,,
ILRLR 4033,"Gold, Clark, Saleh",B+,Spring 2019,33,,A- (SP18),
ILRST 2100,Packard/Karns,B+,Fall 2018,441,,,
LING 4424,DelBusso,B+,Spring 2019,45,,,
MAE 2030,Ruina,B+,Spring 2018,150,,,
MAE 3230,Kirby,B+,Fall 2018,135,,,
MAE 3240,Avedesian,B+,Spring 2019,135,,"B (FA18, Finio) ",
MAE 3260,Ritz,B+,Spring 2019,139,,,
MATH 1120,,B+,Spring 2018,122,,"B (SP18, Sale)",
MATH 1220,Benjimin ,B+,Fall 2018,10,,"B+ (FA19, West, Meyer) B (FA16), A (SP16), B+ (FA15), B(FA17), A (SP19)",
MATH 1920,Sjamaar/Strogatz,B+,Fall 2020,476, ,A- (FA18),
MATH 2130,Frederico,B+,Spring 2019,32,,,
MATH 2930,Berest,B+,Fall 2020,383, ,"A- (FA19, Templier) B+ (FA18)",
MATH 2940,Townsend,B+,Fall 2020,412, gives A+s,,
MATH 3110,Saloff-Coste/Nadeau,B+,Fall 2020,, ,B+ (SP18 Knutson),
MATH 3320,Templier,B+,Fall 2020,78, ,,
MATH 3340,Sale,B+,Spring 2018,28,,"A- (FA18, Strogatz) ",
MATH 3360,Kassabov,B+,Spring 2019,32,,"B+ (SP18 with Sen, 15 stud)",
MATH 4340,Sen,B+,Spring 2019,12,,,
MATH 4410,Frick,B+,Spring 2018,32,,,
MATH 4710,Saloff-Coste,B+,Spring 2019,52,,,
MSE 3040,Suntivich,B+,Spring 2019,23,,,
MUSIC 2101,Moseley,B+,Fall 2018,27,,,
MUSIC 2102,Gotham,B+,Spring 2019,,,"A+ (SP18, FA18)",
PHIL 1110,Various (FWS),B+,s,67,,,
PHYS 1102,Taylor,B+,Spring 2019,204,brutal,,
PHYS 2207,Gruner (retired Fall 2019),B+,Fall 2019,342,,"A- (SP19, Niemack) B+ (SP18, 65 stud); A- (FA18 with Elser, 23 stud)",
PHYS 2208,Case,B+,Spring 2019,335,,"A (SP19, Leclair) B+ (SP18)",
PHYS 2213,Bazarov,B+,Fall 2020,429, ,B+ (SP18),
PHYS 2214,Liepe,B+,Spring 2018,201,,,
PHYS 3310,Franck,B+,Spring 2019,18,,,
PHYS 3316,Nowack,B+,Fall 2019,29,gives A+s,,
PHYS 3318,Maxson,B+,Spring 2019,54,,,
PHYS 3318,Maxson,B+,Spring 2021,66,,"A+ (FA18, Silva) ",
PSYCH 2090,Schwade,B+,Spring 2018,132,,,
PSYCH 2150,Christiansen,B+,Spring 2019,71,,,
SPAN 2095,"Amigo-Silvestre, Maldonado-Mendez",B+,Fall 2019,54,,,
STSCI 3080,Moisey,B+,Spring 2018,91,engl,,
,Frazier,B+,Spring 2019,209,,,
,Bracy,B+,Fall 2020,146, ,,
NTRES 3311,Wolf,B+,Fall 2021,60,,,
CHEM 2090,Marohn,B/B+,Fall 2020,,NOT GRADED!! ,"A- (FA19, Davis) B+ (FA 18 Wilson)",
EAS 1310,Wysocki,B-,Fall 2018,32,,,
ANSC 2400,Allen,B,Spring 2019,114,,,
BEE 4760,Haith,B,Spring 2019,29,,"A- (FA19, Powers) ",
BIOG 1440,Buchon/Selvaraj/Shapleigh,B,Fall 2020,280, 3 cr,"B+ (FA19, Campbell) B (SP18)",
BIOG 1445,Campbell,B,Fall 2020,52, 4 cr,"A (No Data, Sarvary) A (SP15, FA17, SP18 with Sarvary)",
BIOMG 1350,Huffaker,B,Fall 2020,385, ,"B (SP18, No Data) B (FA17 thru FA18)",
CEE 3310,Cowen,B,Fall 2017,70,,,
CEE 3510,Lion,B,No Data,61,,,
CHEM 1560,Lorey,B,Fall 2019,124,,,
CHEM 1570,Kinsland,B,Spring 2017,257,,"B (FA19, Lee) B (FA17 with Lancaster)",
CHEM 2070,Lee,B,Fall 2020,675,huge time commitment,"B (SP17, SP18) ",
CHEM 2080,Hines,B,Spring 2019,726,,"B (FA19, Marohn) B (FA18, Abruna) & (SP19, Marohn)",
CHEM 3570,Ganem,B,Fall 2020,543, ,B(SP18),
CHEM 3580,Ruttledge,B,Spring 2019,561,,B+ (SP18),
CLASS 2643,Roby/Hicks,B,Spring 2019,32,,A- (SP 18 with Schwade (322 stud)),
CS 1112,Fan,B,Fall 2020,, ,"B (FA19, Gries/Bracy) B/B+ generally; B (SP18; FA18 with Gries/Bracy); B (SP19 with Gries/Clarkson)",
CS 2110,Gries/Muhlberger,B,Fall 2020,455, ,"A- (FA19, Myers) A- usually (FA 18)",
CS 4220,Damle,B,Spring 2019,64,,,
DEA 3510,Hedge,B,Fall 2018,14,,"A (FA19, Hirschl) A (FA18)",
EAS 2900,Wysocki,B,Spring 2019,17,,,
EAS 4510,Wysocki,B,Fall 2020,10,,,
ECON 3040,Mathieu,B,Spring 2019,167,,"A- (SP18, Diccicio) A- (FA18)",
ECON 4610,Brancaccio,B,Spring 2019,37,,B+ (SP18),
ENGRD 2020,Ritz,B,Fall 2019,229,"FA19 median ""just above B-""",,
ENGRD 2190,Duncan,B,Fall 2019,51,,B+ (FA17),
HADM 1210,MacAusland,B,Fall 2020,131, ,,
HADM 2430,Dev,B,Fall 2019,120,,A- (SP19),
ILRLE 2400,"Jacobson, Smith, Thomas",B,Fall 2018,132,,,
MAE 3280,Miller & Hassani,B,Spring 2019,154,Class is no longer required for the major due to many complaints,"B (FA19, No Data) ",
MATH 1106,Shokrieh,B,Spring 2018,203,," (FA18, Moore) B (FA17)",
MATH 1910,Poitras ,B,Fall 2020,, ,B+ (SP17),
MATH 2220,Healey,B,Spring 2019,77,,"B (FA19, Strogatz, Sosoe) B+ (SP19 Esmaily/Ritz), B+ (FA17; SP18 Manning), B (FA14, SP16, FA16; FA18 Townsend)",
PHYS 1116,Alexander,B,Fall 2019,82,,,
PSYCH 2230,DeVoogd,B,Fall 2019,87,,,
ANSC 4140,Cherney,A+,Spring 2018,96,,,
CS 4320,Trummer,A+,Fall 2020,220,lol ,"B (FA19, RVR + FBS) B+ (SP18), B (SP19)",
ECON 3110,Diccicio,A+,Fall 2020,123, ,A- (SP18),
FDSC 2300,Loss,A+,Spring 2021,66,,,
HD 3660,Anderson,A+,Fall 2019,56,,,
INFO 4430,Jung ,A+,Fall 2020,179,,,
MAE 4340,"Shepherd, Simoncini",A+,Fall 2019,,,,
MATH 2240,Hubbard,A+,Spring 2018,29,,"B+ (SP18, Daniel Wong) B+ (SP 17)",
MATH 4220,Noack,A+,Fall 2020,33, ,A- (FA 18),
MUSIC 3634,Sparhuber,A+,Fall 2019,12,,,
PAM 3280,Carmalt,A+,Fall 2019,218,Prof is a sweetheart,,
PLBIO 2400,,A+,Fall 2020,469, ,,
PORT 2010,Oliveira,A+,Fall 2020,20,Prof retired ,,
,Balance,A+, ,36,,,
,Kushnir ,A+,Fall 2020,, ,,
HADM 1740,Whitmore,A- ,Fall 2020,253, Mark is retiring. People do fail this class.,,
AEM 3360,Mani,A-,Fall 2019,120,,,
AEP 3620,Wise,A-,Spring 2018,33,,"A- (SP19, Wise)",
AEP 4500,No Data,A-,Fall 2019,22,,"A (FA18, Fennie)",
ANSC 3800,Thonney,A-,Spring 2019,62,,,
ANTHR 1400,Fiskesjö,A-,Fall 2020,79, ,"A (FA19, Fiskesjö) ",
ANTHR 2400,Villenas,A-,Spring 2018,105,,A- (SP16),
ANTHR 2440,Miyazaki,A-,Spring 2018,97,,,
ARCH 1301,cherney,A-,Spring 2018,138,,,
ARKEO 2668,Monroe,A-,Spring 2019,,,,
ASIAN 2212,Son,A-,Spring 2019,,Prof. Admussen does not give out A+'s in this class barring exceptional circumstances; Son's TAs grade arbitrarily and harshly,"A (SP18, Admussen) , B+(SP20, Son)",
ASIAN 2250,Boucher,A-,Spring 2018,55,,,
ASTRO 1700,Tagliacozzo/Squyres,A-,Fall 2019,92,Squyres no longer teaches at Cornell,"B (FA17, Norton/Squyres)",
ASTRO 2211,Riechers,A-,Spring 2018,18,,,
Back to Top,Newman,A-,Fall 2018,117,No longer teaching this class,,
BEE 4730,Walter,A-,Fall 2018,49,,,
BEE 4750,Anderson,A-,Fall 2018,43,,,
BIOEE 1781,Hernandez,A-,Fall 2019,26,,,
BIOMI 1120,Buckley,A-,Fall 2020,, ,,
BTRY 3080,Bunea,A-,Fall 2019,91,,"B+ for undergraduates only, A- for overall class (FA18)",
BTRY 4520,Giles,A-,Spring 2019,61,,"B+ (FA17, Smith) ",
CEE 3040,Daziano,A-,Fall 2020,132, ,,
CEE 3230,Vanek,A-,Spring 2018,76,,,
CEE 3610,Vanek,A-,Spring 2019,52,, ,
CEE 4510,Richardson,A-,Fall 2017,44,,,
CHEM 3600,Milner,A-,Fall 2020,35, ,,
CHEM 3890,Ananth,A-,Fall 2019,93,,,
CHEME 3130,Varner,A-,Fall 2020,39,,,
CHIN 1101,Divo,A-,Fall 2018,45,,,
CHIN 1102,Divo,A-,Spring 2019,45,,,
CHIN 1109,,A-,Spring 2018,38,,,
CHIN 1110,Yufen Mehta,A-,Spring 2018,35,,A- (FA 17),
COGST 2200,Casasanto,A-,Fall 2020,63,,,
COML 1109 ,Various (FWS),A-,Fall 2017,,,,
COMM 2200,Humphreys,A-,Fall 2018,95,Cookie Cutter Essays,,
CS 2112,Myers,A-,Fall 2020,84, ,"B+ (FA19, George) B+ (SP16, SP17, SP18, FA18, SP19)",
CS 2802,Halpern,A-,Fall 2020,29, ,,
CS 2850,No Data,A-,Fall 2019,,,"B+ (FA19, Clarkson) ",
CS 3110,Clarkson,A-,Fall 2020,321, ,,
CS 3152,White,A-,Spring 2019,52,,A (SP17),
CS 4120,Myers,A-,Spring 2018,,,,
CS 4121,No Data,A-,Spring 2018,,,N/A,
CS 4410,Van Renesse,A-,Fall 2020,276, ,"A- (FA18), A (FA17)",
CS 4620,Marschner/Davis,A-,Fall 2020,163, ,,
CS 4740,Cardie,A-,Fall 2020,, ,,
CS 4750,Knepper,A-,Fall 2019,83,,"A- (FA19, Joachims + Haghtalab) B+ (SP17), A (SP18 Killian 242)",
CS 4780,Joachims,A-,Fall 2020,, ,,
CS 4786,Sridharan,A-,Spring 2019,99,,,
DSOC 2710,Sipple,A-,Fall 2018,64,,,
EAS 1330,Wysocki,A-,Fall 2018,11,Rubric usually TA-designed,"A- (FA18, FA17)",
EAS 1540,Monger,A-,Fall 2019,887,,,
EAS 1700,Ross,A-,Spring 2019,78,,,
ECE 2200,Tong,A-,Fall 2020,42, ,,
ECE 2300,Albonesi,A-,Fall 2020,154,crosslisted with ENGRD 2300 ,"B+ (FA19, Batten) ",
ECE 2400,Batten,A-,Fall 2020,53,crosslisted with ENGRD 2140 ,"B+ (SP19, Delchamps) B (SP18, SP17)",
ECE 3150,Shealy,A-,Spring 2019,90,,,
ECON 2801,Basu,A-,Fall 2019,67,,"B+ (FA19, McKee) B+ (FA18), B+ (SP19)",
ECON 3030,McKee,A-,Fall 2020,, ,,
ECON 3800,Hay,A-,Fall 2019,52,yo fuck this professor,new SP19,
ECON 4820,Li,A-,Spring 2019,63,,A- (FA17),
ENGL 2080,Davis,A-,Spring 2019,42,,,
ENGL 2890,Various,A-,Spring 2018,100,,,
ENGRD 2700,Pender,A-,Fall 2020,227, ,,
ENGRI 1120,Alabi,A-,Fall 2020,55, ,A (SP16 with Bisogni),
ENGRI 1130,Maguffin,A-,Spring 2019,,,A- (FA18; 68 with Umbach),
ENGRI 1140,Van Dover,A-,Fall 2019,49,,,
ENGRI 1200,Lambert,A-,Spring 2018,27,,A- (SP18),
GERST 1210,Lischke,A-,Fall 2018,40,,,
GOVT 1313,Kenneth Roberts,A-,Spring 2021,191,,,
GOVT 1623,Roebuck,A-,Spring 2019,68,,,
GOVT 2041,Corrigan,A-,Spring 2019,31,,A- (FA17),
GOVT 3044,Wallace,A-,Spring 2021,59,,,
GOVT 3281,Chutkow,A-,Fall 2019,135,,"B+ (SP19, MacAusland) ",
GOVT 3303,Lowell,A-,Fall 2019,113,,"A- (SP19, McCarthy, Reneta) ",
GOVT 4998,Silbey,A-,Spring 2018,24,,,
HADM 1350,Roberts,A-,Fall 2020,145, ,,
HADM 1360,Pezzotti,A-,Fall 2018,142,No longer teaching this class,"B (FA19, McCarthy, Mark) B+ (Fall 2018)",
HADM 2230,Strebel,A-,Spring 2019,220,,,
HADM 2360,Gaulke,A-,Fall 2019,120,,,
HADM 2410,Li,A-,Fall 2019,246,,,
HADM 2810,Tracey,A-,Spring 2019,127,,,
HD 2180,Loeckenhoff,A-,Fall 2019,,,,
HD 2510,Wethington,A-,Spring 2018,59,,,
HD 2600,No Data,A-,Fall 2019,,,,
HD 4780,Robertson,A-,Spring 2018,16,,,
HIST 1640,Kohler-Hausmann,A-,Spring 2019,36,,"A (FA18, Proudfoot, Dlugos) A- (FA 2017) with Davis",
HIST 2560,Strauss,A-,Spring 2018,49,,,
ILRHR 2660,Homrighouse,A-,Spring 2019,114,,,
ILRLR 1100,DeVault,A-,Fall 2020,168, ,"A- (FA 2018) with Litwin and Katz
",
ILRLR 1200,Weiner-Heinemann,A-,Fall 2019,33,,,
ILRLR 2010,Griffith,A-,Fall 2020,, ,,
ILRLR 3071,Applegate,A-,Fall 2019,44,,,
INFO 1200,Jackson,A-,Spring 2018,305,,"Ginsparg, B+, Spring 2018, 91",
INFO 2750,Doing,A-,Fall 2020,45, ,,
INFO 3300,Mimno,A-,Spring 2019,157,,,
LING 3322,Alkire,A-,Spring 2019,12,,,
MAE 2250,Hoffman,A-,Spring 2018,146,,,
MAE 3050,Bewley,A-,Fall 2018,45,,"B+ (FA18, Zehnder) ",
MAE 3270,Zehnder,A-,Fall 2020,130, ,,
MAE 3780,Kress-Gazit,A-,Fall 2020,123,crosslisted with MAE 3783 ,B (FA17),
MATH 2210,Langlois/Solecki/Veldt,A-,Fall 2020,225, Much easier in the spring with Nerode,,
MATH 2310,Borum,A-,Fall 2018,37,N,"A (FA18, Goncharuk) ",
MATH 3230,Juul,A-,Fall 2020,42, ,"B+ (FA17, Muscalu) ",
MUSIC 1202,Harris-Warrick,A-,Spring 2018,30,,,
MUSIC 2701,Moseley,A-,Spring 2021,55,,"A (FA17, SP18, FA18, SP19)",
MUSIC 3111,Merrill,A-,Fall 2019,12,,"A+ (FA17, SP18, FA18, SP19 w 15 students)",
PAM 2300,,A-,Fall 2020,114, ,,
PHIL 1111,Manne,A-,Fall 2019,50,,"A- (FA19, Markovits) ",
PHIL 1450,Manne,A-,Spring 2017,54,,,
PHIL 2220 ,Pereboom,A-,Spring 2018,71,,,
PHIL 2455,Markovits,A-,Fall 2020,51, ,,
PHIL 3480,Markovits,A-,Fall 2019,25,,"B+ (SP18, SP17, SP19) ",
PHYS 1101,Giambattista / Taylor,A-,Fall 2020,217,this class is hell,"B+ (FA18, Selby)",
PHYS 1112,Krasicky,A-,Fall 2020,206, ,"B+ (FA19, Bazarov) B+ (SP 15) B+ (SP16) B+ (SP18) B+ (SP19)",
PHYS 2218,Ramshaw,A-,Fall 2020,55, gives A+s,B+ (SP18 with Wang),
PHYS 3310,Franck,A-,Spring 2021,18,,A- (FA18),
PHYS 3327,Gibbons,A-,Fall 2019,37,,"A- (SP19, Oliveira) ",
PHYS 4444,Ryd,A-,Spring 2019,28,,,
PSYCH 2500,Cleland,A-,Fall 2018,74,,,
RELST 2250,Boucher,A-,Spring 2018,55,,,
ROMS 1113 (FWS),Eibenstein-Alvisi,A-,Fall 2019,,,,
SOC 1290,Strang,A-,Spring 2018,,,,
SOC 2208,Weeden,A-,Spring 2019,212,,,
SPAN 2070,Arias Fuentes,A-,Fall 2018,47,,B+ (FA17),
SPAN 2090,Teutli,A-,Fall 2019,151,,,
VISST 2000,No Data,A-,Spring 2019,93,,"B+ (FA19, Bracy) B+ (SP19 & SP18 w Weatherspoon, SP17, SP16)",
VISST 3760,Sabine,A-,Spring 2018,35,,,
,Perez,A-,No Data,315,,,
,Arcadi,A-,Spring 2018,40,,,
NTRES 1101,Kraft,A-,Fall 2021,101,,,
AEM 2700,Lennox,A,Spring 2018,,,,
AEM 4160,Rao,A,Spring 2018,12,,,
AEM 4290,Watugala,A,Fall 2020,44,,,
AEM 4670,Watugala,A,Fall 2019,84,,,
AEP 5510,Fennie,A,Spring 2019,,,,
AMST 2001,Earle,A,Spring 2019,312,,A+ (SP18),
AMST 3032,Washington,A,Fall 2019,~17,,,
ASIAN 1111,Burgess,A,Fall 2018,64,,,
ASTRO 1101,Kaltenegger/Stacey,A,Fall 2020,196,,,
ASTRO 3301,No Data,A,Spring 2019,33,,,
BEE 2000,Peter Hess,A,Spring 2021,148,,,
BIOEE 1780,Drake/Vitousek,A,Fall 2020,230,Gives out A+'s,,
BIOEE 2070,Fletcher,A,Fall 2018,34,,,
BIOG 1500,Savary,A,Fall 2020,360, ,"B (FA19, Huffaker + Garcia) B (FA16, SP16); B (FA18 with Huffaker); B (SP18 with Bretscher + Garcia), B SP 19 (Bretshcer +Liu)",
BIOMG 3340,Blankenship,A,Fall 2020,34,,,
BIOMI 1100,Hewson,A,Spring 2019,,,"B (FA19, Buckley) ",
BSOC 2101,"Harrington, Caillaud",A,Fall 2019,183,,,
BTRY 4110,Smith,A,Spring 2019,41,,,
CEE 3080,Curtis,A,Spring 2019,30,,,
CEE 4090,Multiple (Research),A,Fall 2019,12,,,
CHEM 4610,p,A,Fall 2019,20,,,
CLASS 1531 (FWS),Carignano,A,Spring 2018,16,,,
CS 3300,Rzeszotarski,A,Spring 2019,214,,,
CS 4120,Myers,A,Spring 2021,46,,,
CS 4160,Clarkson,A,Spring 2019,,,,
CS 4300,Cristian DNM,A,Spring 2018,153,,"A (FA19, Trummer) A- (FA16)",
CS 4411,RVR + FBS,A,Fall 2019,24,,A- (SP18),
CS 4701,Hirsh,A,Spring 2019,116,,"B+ (FA19, Cardie) B+ (FA17)",
DEA 1500,Evans,A,Fall 2020,, ,,
DSOC 1101,Hirschl,A,Fall 2020,260, ,,
DSOC 2650,Velez,A,Spring 2019,86,,,
EAS 1600,Riha,A,Fall 2021,71,,,
EAS 3050,Ault,A,Fall 2019,41,,,
ECON 4250,Bottan,A,Spring 2019,,,,
ENGL 1147,Various (FWS),A,Fall 2018,99,,,
ENGL 1168,Various (FWS),A,Fall 2019,189,,,
ENGL 1170,FWS,A,Fall 2019,134,,,
ENGL 2810,No Data,A,Spring 2018,248,,,
ENGL 3752,Sawyer,A,Spring 2019,NA,,,
ENGL 3805,Mort ,A,Spring 2019,,,"B (FA16), B- (SP18)",
ENGRD 2250,Lohman,A,Fall 2019,28,,"B+ (FA16, Aristilde) ",
ENGRD 3023,Multiple (Tech. Writing),A,Fall 2020,29,,,
ENGRI 1160,Hover,A,Fall 2019,49,,,
ENGRI 1210,Albonesi,A,Spring 2019,137,,"A (FA19, Callister) ",
ENGRI 1270,Callister,A,Fall 2020,128,,,
Explore CourseCrafter: a new way to discover courses that match your interests. Find courses for Fall 2021 or search previous years by matching course titles and descriptions with your expressed interests. CourseCrafter is a research project to discover new ways to help students choose courses (learn more at About CourseCrafter),Hager,A,Fall 2018,102,,"A- (SP18, (Multiple)) ",
FDSC 1101,Loss,A,Fall 2019,84,,,
GOVT 1503,van Es,A,Fall 2020,252, ,,
GOVT 1503,Majka,A,Spring 2019,38,legit easiest class at this school,,
GOVT 2225,Haskins,A,Fall 2018,249,,,
HD 1170,Burrow,A,Spring 2019,267,,A- (SP19),
HD 3460,Casasola,A,Spring 2018,40,,,
HIST 1200,Various (FWS),A,Spring 2018,,,,
ILRHR 2600,Davis,A,Fall 2020,244, ,,
ILRIC 2390,Bishara,A,Fall 2020,16,,"A- (FA19, Martinez-Matsuda) A- (FA17, Devault) ",
ILRLE 3480,Ehrenberg,A,Fall 2019,57,,"B+ (FA19, Gold, Griffith, ) B+ (SP 2019)",
ILRLR 3055,Nelson,A,Fall 2018,48,,,
ILRLR 3300,Nelson,A,Fall 2018,178,,"A- (FA17, Rissing) ",
ILRLR 4035,"Cook, Heinemann",A,Spring 2018,45,,,
ILROB 1220,Rissing,A,Fall 2020,210, ,,
ILRST 2110,Diciccio,A,Spring 2018,20,,"A- (FA20, Doing) ",
INFO 2300,Harms,A,Spring 2018,235,,,
ITAL 1113,Wittelsbach,A,Fall 2018,16,,,
ITAL 1401,Wittelsbach,A,Spring 2021,13,Really hard during the semester but grading at the end is easy. ,"A- (FA19, S. Murray) A (SP18, SP19)",
ITAL 2201,Baraldi,A,Fall 2021,64,,,
Kevin,Woods,A,Spring 2018,54,,,
LING 1100 ,Various (FWS),A,Fall 2019,51,,,
LING 1101,Despic,A,Fall 2020,103, gives A+s,,
LING 2264,No Data,A,Spring 2018,12,,,
LING 3321,Alkire,A,Fall 2018,19,,,
MATH 1110,Barbasch,A,Fall 2020,460, ,"B (FA19, Sjamaar) B (FA15, SP17, FA 17, SP18, FA18, SP19)",
MATH 2230,Hubbard,A,Fall 2019,22,,"B+ (FA19, Alex Townsend) B (FA 14, FA 16, SP18, SP19 Lewis)",
MATH 4130,Knutson,A,Fall 2020,39,,,
MATH 4140,Muscalu,A,Spring 2018,,,,
MATH 4540,West,A,Spring 2018,10,,"A- (FA17,Spinazzola)",
MUSIC 2270,Piekut,A,Spring 2017,11,,,
MUSIC 3604,S Spinelli,A,Spring 2018,86,,,
MUSIC 3621,Kilburn,A,Fall 2019,78,,"B+ (FA19, Levitsky) B+ (FA17)",
MUSIC 4621,Kilburn,A,Fall 2019,17,,B+ (SP18),
PAM 2350,Nicholson,A,Fall 2020,344, ,,
PHIL 2300,Kocurek,A,Fall 2020,38,,"B+ (FA18, nicholson) ",
PHIL 2621,Starr,A,Fall 2019,70,,"A- (FA19, Krasicky) B+ (SP19) with Fulbright",
PHYS 2217,Elser,A,Fall 2020,12, ,"A (SP17 with leclair); A (FA17 with Arias); B+ (SP19 with Arias, 52 students)",
PHYS 4443,Kin Fai Mak,A,Spring 2018,25,,"A- (FA19, Pizarro) Fall 2018 (A)",
PSYCH 1101,Pizarro,A,Fall 2020,956, ,A- (SP18),
PSYCH 1103,Pizarro/Werth/Others,A,Fall 2018,29,PSYCH 1101 opt supplement,,
PSYCH 1140,Moyal,A,Spring 2019,15,,,
RELST 2575 / NES 2575,Tenney,A,Spring 2019,71,,"A (SP19, Garip) A- (FA19 Bischoff), A (SP18 with Haskins), A- (FA17 with Garip)",
ROMS 1102,Various (FWS),A,Spring 2019,78,,,
ROMS 1109 (FWS),Huelster,A,Spring 2018,15,,,
SOC 1101,Bischoff,A,Fall 2020,258, ,A- (SP18) B+ (SP19),
STS 3011,Roebuck,A,Fall 2019,74,,,
"University Statement: Please see the Classes and Campus Activities statement pertaining to the Fall 2021 semester. After reviewing, complete the attestation in Daily Check in order to participate in pre-enroll.",Moghimi,A,Spring 2019,55,,"A+ (FA20, Kushnir) ",
,Truhlar,A,Fall 2017,90,,,
,Lewis,A,Fall 2020,235, ,"B+ (SP19, Sinclair) ",
NTRES 2100,Goebel,A,Fall 2021,49,,,
,Mahiques,∂,Fall 2020,99, ,,